"method","mean_coverage","n_scenarios","p_value","significant"
"basic",0.930770833333333,24,6.9566631741124e-17,TRUE
"bca",0.919872574156018,24,2.86807035835245e-37,TRUE
"normal",0.9321125,24,5.44587532074109e-15,TRUE
"percentile",0.926091666666667,24,9.7580730384327e-25,TRUE
"t_interval",0.9460625,24,0.0772426613967302,FALSE
